date,username,to,replies,retweets,favorites,text,geo,mentions,hashtags,id,permalink
2020-04-13 15:34:00,pasionensevilla,,0,0,3,"#MinutoPS | Las hermandades de esta jornada de la Semana Santa se vuelcan ante la crisis del coronavirus https://sevilla.abc.es/pasionensevilla/actualidad/noticias/las-hermandades-del-lunes-santo-recaudan-5-500-euros-particulares-accion-social-176017-1586712902.html #Coronavid_19",,,#MinutoPS #Coronavid_19,1249722512079908865,https://twitter.com/pasionensevilla/status/1249722512079908865
2020-04-13 13:16:33,alexdelbene,,0,0,0,"Tributo a las víctimas del coronavirus de la calle San Jorge en un domingo de Resurrección de una Semana Santa 2020 difícil de olvidar. #yorestoencasa #juntosloconseguiremos #sevilla #trianasevilla #triana2020… https://www.instagram.com/p/B-7CIFsIb7g/?igshid=1dg4jed30777h",,,#yorestoencasa #juntosloconseguiremos #sevilla #trianasevilla #triana2020,1249687923936710657,https://twitter.com/alexdelbene/status/1249687923936710657
2020-04-13 12:36:52,chirinbanda,,7,51,106,"RESUMEN 2020: LA SEMANA SANTA DEL CORONAVIRUS. Con todo mi cariño, dedicado a quienes nos hemos quedado sin aquello que más queremos, en especial, los músicos. Antes de que nos demos cuenta, la primavera estará llamando a nuestras puertas de nuevo. https://chirinbanda.blogspot.com/2020/04/resumen-2020-la-semana-santa-del.html",,,,1249677937734975489,https://twitter.com/chirinbanda/status/1249677937734975489
2020-04-13 11:58:47,chirinbanda,,1,5,13,"Mi cara al tratar de escribir un análisis sobre algo que no ha pasado. Me sobra la enfermedad y me faltan palilleras infernales. En 15 minutos tenéis el RESUMEN DE LA SEMANA SANTA DEL CORONAVIRUS. ",,,,1249668353712705536,https://twitter.com/chirinbanda/status/1249668353712705536
2020-04-13 09:18:40,diariosevilla,,0,2,2,"Coronavirus en #Sevilla: la #SemanaSanta concluye con 1.400 denuncias de la Policía Local #SevillaHoy",,,#Sevilla #SemanaSanta #SevillaHoy,1249628055708016642,https://twitter.com/diariosevilla/status/1249628055708016642
2020-04-13 05:41:12,yulienkagc,,0,0,0,"Hoy en #NingúnLugarSagrado hablo de la #pandemia y lo que vamos a aprender, o no, de ella. Gracias por leer. https://juliagonzalezcalderon.wordpress.com/2020/04/13/nuestros-pecados/ #cuarentena #coronavirus #covid19 #SemanaSanta #Pascua #DomingoDeResurrección",,,#Ning #pandemia #cuarentena #coronavirus #covid19 #SemanaSanta #Pascua #Pascua #DomingoDeResurrecci,1249573329087787008,https://twitter.com/yulienkagc/status/1249573329087787008
2020-04-13 02:25:06,dizzythebitch,,1,0,2,"Siento que gaga lanzaría una canción así toda religiosa oscura ahorita en semana santa y pailas mardito coronavirus. :(",,,,1249523980874252290,https://twitter.com/dizzythebitch/status/1249523980874252290
2020-04-12 22:23:26,RaulRamirez_83,,0,1,2,"Este año muchos cofrades y devotos han tenido que acercarse a sus cofradías o vivir los cultos y los oficios gracias a la tecnología. @Blogosur por ejemplo ha llevado los actos de más de una treintena de cofradías por streaming. Es la Semana Santa que ha dejado el #coronavirus ",,@Blogosur,#coronavirus,1249463164183420938,https://twitter.com/RaulRamirez_83/status/1249463164183420938
2020-04-12 20:53:20,Viva_Sevilla,,0,1,0,"Contramano: El coronavirus y el dinero de la Semana Santa y Feria ",,,,1249440489683783681,https://twitter.com/Viva_Sevilla/status/1249440489683783681
2020-04-12 20:10:14,7TVSevilla,,0,1,1,"Contramano: El coronavirus y el dinero de la Semana Santa y Feria https://ift.tt/2XvjyS8",,,,1249429643574284288,https://twitter.com/7TVSevilla/status/1249429643574284288
2020-04-12 18:59:17,CarlosCapi91,,0,0,1,"Domingo 12-4-2020 hoy ha acabado la Semana Santa, ha sido la peor de toda la vida y hablo por todos sus amantes los cofrades costaleros nazarenos penitentes músicos... el coronavirus ha quitado la alegría de muchísima gente también ha matado a miles de personas, es tristísimo ",,,,1249411787302277122,https://twitter.com/CarlosCapi91/status/1249411787302277122
2020-04-12 14:01:42,Navarroantolin,,0,1,1,"Coronavirus en Sevilla: la Semana Santa concluye con 1.400 denuncias de la Policía Local https://www.diariodesevilla.es/sevilla/Coronavirus-Sevilla-Semana-Santa-1400-denuncias-Policia-local_0_1454854701.html?utm_source=twitter.com&amp;utm_medium=socialshare&amp;utm_campaign=mobile_web vía @diariosevilla",,@diariosevilla,,1249336897148723200,https://twitter.com/Navarroantolin/status/1249336897148723200
2020-04-12 13:20:30,Frojasvaz,,0,1,0,"Los idiotas superan a los fallecidos. Coronavirus en Sevilla: la Semana Santa concluye con 1.400 denuncias de la Policía Local https://www.diariodesevilla.es/sevilla/Coronavirus-Sevilla-Semana-Santa-1400-denuncias-Policia-local_0_1454854701.html?utm_source=twitter.com&amp;utm_medium=socialshare&amp;utm_campaign=mobile_web vía @diariosevilla",,@diariosevilla,,1249326527680057344,https://twitter.com/Frojasvaz/status/1249326527680057344
2020-04-12 11:31:13,aspo_sevilla,,1,7,10,"Coronavirus en Sevilla: la Semana Santa concluye con 1.400 denuncias de la Policía Local https://www.diariodesevilla.es/sevilla/Coronavirus-Sevilla-Semana-Santa-1400-denuncias-Policia-local_0_1454854701.html?utm_source=twitter.com&amp;utm_medium=socialshare&amp;utm_campaign=mobile_web",,,,1249299026266251264,https://twitter.com/aspo_sevilla/status/1249299026266251264
2020-04-11 21:45:00,pasionensevilla,,0,2,22,"[GALERÍA] Semana Santa en tiempo de coronavirus, por J. J. Úbeda https://sevilla.abc.es/sevilla/semana-santa/sevi-semana-santa-tiempos-coronavirus-40550091214-20200410152310_galeria.html #SSantaSevilla20 #SSantaSevABC #MomentosPS #SábadoSanto",,,#SSantaSevilla20 #SSantaSevABC #MomentosPS #S,1249091101417299968,https://twitter.com/pasionensevilla/status/1249091101417299968
2020-04-11 21:05:56,MaratonSevilla,,0,1,3,"Semana Santa en tiempos del coronavirus (y II) https://sevilla.abc.es/sevilla/semana-santa/sevi-semana-santa-tiempos-coronavirus-40550316468-20200411083643_galeria.html?vca=rrss-inducido&amp;vmc=abcdesevilla-es&amp;vso=tw&amp;vli=fotogaleria-vertical#imagen2 vía @abcdesevilla",,@abcdesevilla,,1249081270275125250,https://twitter.com/MaratonSevilla/status/1249081270275125250
2020-04-11 20:46:38,HugoSantanderB,,1,0,0,"Día 29 - Hoy otros 5km por el piso, la cuestión es hacer algo de ejercicio todos los días. Ya casi acabando las vacaciones de Semana Santa, que cortas se están haciendo. #CuarentenaCoronavirus #Diariodecuarentena #coronavirus #COVID19 #YoMeQuedoEnCasa #teletrabajo",,,#CuarentenaCoronavirus #Diariodecuarentena #coronavirus #COVID19 #YoMeQuedoEnCasa #YoMeQuedoEnCasa #teletrabajo,1249076412318912513,https://twitter.com/HugoSantanderB/status/1249076412318912513
2020-04-11 20:07:23,anonimojerezano,andmardi,2,0,1,"Y es que hasta encima si no fuese nada de coronavirus es haciendose el graciosillo ateo en semana santa...",,,,1249066537094430722,https://twitter.com/anonimojerezano/status/1249066537094430722
2020-04-11 19:45:00,pasionensevilla,,0,2,8,"[GALERÍA] Semana Santa en tiempo de coronavirus, por J. J. Úbeda https://sevilla.abc.es/sevilla/semana-santa/sevi-semana-santa-tiempos-coronavirus-40550091214-20200410152310_galeria.html #SSantaSevilla20 #SSantaSevABC #MomentosPS #SábadoSanto",,,#SSantaSevilla20 #SSantaSevABC #MomentosPS #S,1249060902537658378,https://twitter.com/pasionensevilla/status/1249060902537658378
2020-04-11 18:31:58,SAdelanteAS,,0,0,2,"Sin lugar a dudas, la familia Gutiérrez Báez está viviendo una Semana Santa única. La de 2020 no la van, no la vamos, a olvidar nunca. La Semana Santa del coronavirus. Este es su testimonio. Una Semana Santa confinados y en familia … https://www.archisevillasiempreadelante.org/cuando-la-familia-es-el-mejor-refugio-contra-el-confinamiento-una-semana-santa-muy-especial/",,,,1249042522556547073,https://twitter.com/SAdelanteAS/status/1249042522556547073
2020-04-11 17:58:00,pasionensevilla,,0,0,2,"[GALERÍA] Semana Santa en tiempo de coronavirus, por J. J. Úbeda https://sevilla.abc.es/sevilla/semana-santa/sevi-semana-santa-tiempos-coronavirus-40550091214-20200410152310_galeria.html #SSantaSevilla20 #SSantaSevABC #MomentosPS #SábadoSanto",,,#SSantaSevilla20 #SSantaSevABC #MomentosPS #S,1249033974892167168,https://twitter.com/pasionensevilla/status/1249033974892167168
2020-04-11 17:47:05,elllamadorcsr,,1,8,43,"La otra Semana Santa en tiempos de coronavirus. Galería 1 de Juan José Úbeda https://sevilla.abc.es/sevilla/semana-santa/sevi-semana-santa-tiempos-coronavirus-40550091214-20200410152310_galeria.html#imagen19",,,,1249031229871132673,https://twitter.com/elllamadorcsr/status/1249031229871132673
2020-04-11 17:46:35,elllamadorcsr,,0,6,12,"La otra Semana Santa en tiempos de coronavirus. Galería 2 de Juan José Úbeda ",,,,1249031101760372736,https://twitter.com/elllamadorcsr/status/1249031101760372736
2020-04-11 15:58:05,pasionensevilla,,0,0,6,"[GALERÍA] Semana Santa en tiempo de coronavirus, por J. J. Úbeda https://sevilla.abc.es/sevilla/semana-santa/sevi-semana-santa-tiempos-coronavirus-40550091214-20200410152310_galeria.html #SSantaSevilla20 #SSantaSevABC #MomentosPS #SábadoSanto",,,#SSantaSevilla20 #SSantaSevABC #MomentosPS #S,1249003799181766663,https://twitter.com/pasionensevilla/status/1249003799181766663
2020-04-11 15:45:08,abcdesevilla,,0,0,3,"[Fotogalería ] Juan José Úbeda ofrece una Semana Santa sin procesiones en tiempos del coronavirus, una oda gráfica a la concienciación social que nada tiene que ver con las cofradías... o sí http://ow.ly/FsGY50zbwHe",,,,1249000538676563969,https://twitter.com/abcdesevilla/status/1249000538676563969
2020-04-11 15:44:02,Newtral__,,0,0,0,"Si eres moro tienes Semana Santa #SanchezDimision #Covid_19 #YoMeQuedoEnCasa #garzondimision #COVIDー19 #Covid_19 #CuarentenaPorLaVida #vicepandemias #PodemosPandemia #QuedateEnCasa #NiUnaMas #NiUnaMenos #Covid_19 #coronavirus #GobiernoDimision #PinochoSanchez y #PableninIglesias – at Cafe de indias",,,#SanchezDimision #Covid_19 #YoMeQuedoEnCasa #YoMeQuedoEnCasa #garzondimision #COVID #Covid_19 #CuarentenaPorLaVida #vicepandemias #PodemosPandemia #QuedateEnCasa #QuedateEnCasa #NiUnaMas #NiUnaMas #NiUnaMenos #NiUnaMenos #Covid_19 #coronavirus #GobiernoDimision #PinochoSanchez #PableninIglesias,1249000262624256001,https://twitter.com/Newtral__/status/1249000262624256001
2020-04-11 15:03:00,pasionensevilla,,0,0,3,"[GALERÍA] Semana Santa en tiempo de coronavirus, vía J. J. Úbeda https://sevilla.abc.es/sevilla/semana-santa/sevi-semana-santa-tiempos-coronavirus-40550316468-20200411083643_galeria.html#imagen1 #SSantaSevilla20 #SSantaSevABC #MomentosPS #SábadoSanto",,,#SSantaSevilla20 #SSantaSevABC #MomentosPS #S,1248989935337496576,https://twitter.com/pasionensevilla/status/1248989935337496576
2020-04-11 14:03:00,pasionensevilla,,0,1,1,"[GALERÍA] Semana Santa en tiempo de coronavirus, vía J. J. Úbeda https://sevilla.abc.es/sevilla/semana-santa/sevi-semana-santa-tiempos-coronavirus-40550316468-20200411083643_galeria.html#imagen1 #SSantaSevilla20 #SSantaSevABC #MomentosPS #SábadoSanto",,,#SSantaSevilla20 #SSantaSevABC #MomentosPS #S,1248974835566379010,https://twitter.com/pasionensevilla/status/1248974835566379010
2020-04-11 12:22:16,Nico_Martin_R,,0,1,3,"Eres tonto, muy tonto... Garzón, el ministro que se mofa de la Semana Santa con más de 16.000 muertos por coronavirus https://www.larazon.es/espana/20200411/nfcc44e5b5chlhirrpkuvgqojm.html vía @larazon_es",,@larazon_es,,1248949487902621696,https://twitter.com/Nico_Martin_R/status/1248949487902621696
2020-04-11 11:02:00,pasionensevilla,,0,1,4,"Semana Santa en tiempo de coronavirus, vía J. J. Úbeda https://sevilla.abc.es/sevilla/semana-santa/sevi-semana-santa-tiempos-coronavirus-40550316468-20200411083643_galeria.html#imagen1 #SSantaSevilla20 #SSantaSevABC #MomentosPS #SábadoSanto",,,#SSantaSevilla20 #SSantaSevABC #MomentosPS #S,1248929285454225414,https://twitter.com/pasionensevilla/status/1248929285454225414
2020-04-11 10:42:56,pasionensevilla,,2,2,5,"Semana Santa en tiempo de coronavirus, vía J. J. Úbeda https://sevilla.abc.es/sevilla/semana-santa/sevi-semana-santa-tiempos-coronavirus-40550316468-20200411083643_galeria.html#imagen1 #SSantaSevilla20 #SSantaSevABC #MomentosPS #SábadoSanto",,,#SSantaSevilla20 #SSantaSevABC #MomentosPS #S,1248924487040581633,https://twitter.com/pasionensevilla/status/1248924487040581633
2020-04-11 10:26:22,ejhg_79,,0,0,4,"Nuestro particular homenaje a la semana santa 2020 de Sevilla: https://youtu.be/g9Hc_NKnJOA #SemanaSantaEnCasa #SemanaSanta2020 #YoMeQuedoEnCasa #coronavirus #confinamiento #pinypon",,,#SemanaSantaEnCasa #SemanaSanta2020 #YoMeQuedoEnCasa #YoMeQuedoEnCasa #coronavirus #confinamiento #pinypon,1248920319055859713,https://twitter.com/ejhg_79/status/1248920319055859713
2020-04-11 10:15:04,abcdesevilla,,0,1,1,"[Fotogalería ] Un proyecto fotográfico diferente sobre la Semana Mayor. Juan José Úbeda ofrece una Semana Santa sin procesiones en tiempos del coronavirus, una oda gráfica a la concienciación social que nada tiene que ver con las cofradías... o sí http://ow.ly/KoqN50zbwH3",,,,1248917475607150592,https://twitter.com/abcdesevilla/status/1248917475607150592
2020-04-11 07:32:33,JMGBautista,,0,0,2,"El milagroso Cristo Yacente @eliteradiosvq @elitediario @elitediarioc #SemanaSanta #SemanaSantaEnCasa #SemanaNoticias #SemanaSanta2020 #SemanaSantaSevilla #Sevilla #SevillaHoy #QuedateEnCasaYa #Coronavirus #Trinidad #Leyenda #Enigma #misterios #misterio",,@eliteradiosvq @elitediario @ElitediarioC,#SemanaSanta #SemanaSantaEnCasa #SemanaNoticias #SemanaSanta2020 #SemanaSantaSevilla #Sevilla #SevillaHoy #QuedateEnCasaYa #Coronavirus #Trinidad #Leyenda #Enigma #misterios #misterio,1248876578555207681,https://twitter.com/JMGBautista/status/1248876578555207681
2020-04-11 07:31:00,VocesdlMisterio,,0,0,1,"El milagroso Cristo Yacente @eliteradiosvq @elitediario @elitediarioc #SemanaSanta #SemanaSantaEnCasa #SemanaNoticias #SemanaSanta2020 #SemanaSantaSevilla #Sevilla #SevillaHoy #QuedateEnCasaYa #Coronavirus #Trinidad #Leyenda #Enigma #misterios #misterio https://elitediario.com/el-milagroso-cristo-yacente/",,@eliteradiosvq @elitediario @ElitediarioC,#SemanaSanta #SemanaSantaEnCasa #SemanaNoticias #SemanaSanta2020 #SemanaSantaSevilla #Sevilla #SevillaHoy #QuedateEnCasaYa #Coronavirus #Trinidad #Leyenda #Enigma #misterios #misterio,1248876188287680514,https://twitter.com/VocesdlMisterio/status/1248876188287680514
2020-04-11 07:14:43,juanjc64,altocapirote,0,0,2,"Creo que siempre nos da pena que acabe la semana santa, incluso la del coronavirus",,,,1248872089039273984,https://twitter.com/juanjc64/status/1248872089039273984
2020-04-11 03:27:51,PacoMelero4,,0,0,0,"Buenas dias SEMANA SANTA 2020 y Tu Casa y Coronavirus. SABADO SANTO. FESTIVOS. Nescafe Descafeinado y Leche Condensada. 05:30 ",,,,1248814994923323392,https://twitter.com/PacoMelero4/status/1248814994923323392
2020-04-11 01:41:25,PacoMelero4,,0,0,0,"Buenas dias SEMANA SANTA 2020 y Tu Casa y Coronavirus. SABADO. SANTA. el guardaespaldas. 1992. ",,,,1248788212694351874,https://twitter.com/PacoMelero4/status/1248788212694351874
2020-04-11 01:38:04,PacoMelero4,,0,0,0,"Buenas dias SEMANA SANTA 2020 y Tu Casa y Coronavirus. SABADO. SANTA. intocable. 2011. Sillas de Rueda ",,,,1248787369127485440,https://twitter.com/PacoMelero4/status/1248787369127485440
2020-04-10 17:36:44,DigitalSevilla,,7,56,90,"Calculan que no habrá vacuna para el coronavirus hasta septiembre de 2021. Señalan que hasta entonces no se podrán celebrar concentraciones masivas, lo que impediría celebrar también la Semana Santa del próximo año ",,,,1248666235916529669,https://twitter.com/DigitalSevilla/status/1248666235916529669
2020-04-10 17:33:20,PacoMelero4,,0,0,1,"SEMANA SANTA 2020 y Tu Casa y Coronavirus. VIERNES SANTA y Las 1 y Sesion de tardes: Los diez mandamientos ",,,,1248665382770139137,https://twitter.com/PacoMelero4/status/1248665382770139137
2020-04-10 17:21:14,PacoMelero4,,0,1,1,"SEMANA SANTA 2020 y Tu Casa y Coronavirus. VIERNES SANTA y Las 1 y Sesion de tardes: Los diez mandamientos ",,,,1248662334211571712,https://twitter.com/PacoMelero4/status/1248662334211571712
2020-04-10 16:15:17,PacoMelero4,,0,0,0,"SEMANA SANTA 2020 y Tu Casa y Coronavirus. VIERNES SANTA y Las 1 y Sesion de tardes: Los diez mandamientos ",,,,1248645740706115584,https://twitter.com/PacoMelero4/status/1248645740706115584
2020-04-10 15:45:43,Canvazmar,,0,0,0,"Estas imágenes de la Semana Santa de Sevilla en tiempos del coronavirus son una maravilla Juan José Úbeda https://sevilla.abc.es/sevilla/semana-santa/sevi-semana-santa-tiempos-coronavirus-40550091214-20200410152310_galeria.html?vca=rrss-inducido&amp;vmc=abcdesevilla-es&amp;vso=tw&amp;vli=fotogaleria-vertical#imagen1 vía @abcdesevilla",,@abcdesevilla,,1248638298324639744,https://twitter.com/Canvazmar/status/1248638298324639744
2020-04-10 14:48:04,PacoMelero4,,0,0,0,"SEMANA SANTA 2020 y Tu Casa y Coronavirus. VIERNES SANTA y Las 1 y Sesion de tardes: Los diez mandamientos ",,,,1248623789761413127,https://twitter.com/PacoMelero4/status/1248623789761413127
2020-04-10 09:33:19,DSedano85,,1,0,1,"#Viernes de parecidos #GeorgeClooney #arnoldschwarzenegger pero en mulatito. #LaCuarentenaTerminaraCuando #COVIDー19 #CulturaEnHuelga #SemanaSanta #coronavirus #FelizViernes #FelizViernesATodos #ParecidosRazonables",,,#Viernes #GeorgeClooney #arnoldschwarzenegger #LaCuarentenaTerminaraCuando #COVID #CulturaEnHuelga #SemanaSanta #coronavirus #FelizViernes #FelizViernesATodos #ParecidosRazonables,1248544578631761921,https://twitter.com/DSedano85/status/1248544578631761921
2020-04-10 09:26:20,DSedano85,,0,1,2,"Buenos días, hoy viernes de reflexión y #EstoPasara By @ULAPDT1 @manelsimone @maestradepueblo #LaCuarentenaTerminaraCuando #COVIDー19 #CulturaEnHuelga #SemanaSanta #coronavirus #FelizViernes #FelizViernesATodos",,@ULAPDT1 @manelsimone @maestradepueblo,#EstoPasara #LaCuarentenaTerminaraCuando #COVID #CulturaEnHuelga #SemanaSanta #coronavirus #FelizViernes #FelizViernesATodos,1248542823143669763,https://twitter.com/DSedano85/status/1248542823143669763
2020-04-10 07:19:50,VocesdlMisterio,,0,0,0,"La leyenda de la cruz del 'Jorobaito' de La O #SemanaSanta #SemanaSantaSevilla #SemanaSantaEnCasa #Sevilla #SevillaHoy #Actualidad #QuedateEnLaCasa #coronavirus #COVIDー19 @jmanuelcarrion @ajimenal2 @auxiguillen66 @kasparjauser @rossellmonica @JMGBautista",,@jmanuelcarrion @ajimenal2 @auxiguillen66 @kasparjauser @RossellMonica @JMGBautista,#SemanaSanta #SemanaSantaSevilla #SemanaSantaEnCasa #Sevilla #SevillaHoy #Actualidad #QuedateEnLaCasa #coronavirus #COVID,1248510988380442624,https://twitter.com/VocesdlMisterio/status/1248510988380442624
2020-04-10 07:19:42,JMGBautista,,0,1,2,"La leyenda de la cruz del 'Jorobaito' de La O #SemanaSanta #SemanaSantaSevilla #SemanaSantaEnCasa #Sevilla #SevillaHoy #Actualidad #QuedateEnLaCasa #coronavirus #COVIDー19 @jmanuelcarrion @ajimenal2 @auxiguillen66 @kasparjauser @rossellmonica @JMGBautista https://elitediario.com/la-leyenda-de-la-cruz-del-jorobaito-de-la-o/",,@jmanuelcarrion @ajimenal2 @auxiguillen66 @kasparjauser @RossellMonica @JMGBautista,#SemanaSanta #SemanaSantaSevilla #SemanaSantaEnCasa #Sevilla #SevillaHoy #Actualidad #QuedateEnLaCasa #coronavirus #COVID,1248510955673268224,https://twitter.com/JMGBautista/status/1248510955673268224
2020-04-10 07:19:13,JMGBautista,,0,0,0,"La leyenda de la cruz del 'Jorobaito' de La O #SemanaSanta #SemanaSantaSevilla #SemanaSantaEnCasa #Sevilla #SevillaHoy #Actualidad #QuedateEnLaCasa #coronavirus #COVIDー19 @jmanuelcarrion @ajimenal2 @auxiguillen66 @kasparjauser @rossellmonica https://elitediario.com/la-leyenda-de-la-cruz-del-jorobaito-de-la-o/",,@jmanuelcarrion @ajimenal2 @auxiguillen66 @kasparjauser @RossellMonica,#SemanaSanta #SemanaSantaSevilla #SemanaSantaEnCasa #Sevilla #SevillaHoy #Actualidad #QuedateEnLaCasa #coronavirus #COVID,1248510832440467456,https://twitter.com/JMGBautista/status/1248510832440467456
2020-04-10 07:18:32,VocesdlMisterio,,0,0,0,"Un gitano apodado ""Cachorro"" y el Cristo de la Expiración #SemanaSanta #SemanaSantaSevilla #SemanaSantaEnCasa #Sevilla #SevillaHoy #Actualidad #QuedateEnLaCasa #coronavirus #COVIDー19 @jmanuelcarrion @ajimenal2 @auxiguillen66 @kasparjauser @rossellmonica",,@jmanuelcarrion @ajimenal2 @auxiguillen66 @kasparjauser @RossellMonica,#SemanaSanta #SemanaSantaSevilla #SemanaSantaEnCasa #Sevilla #SevillaHoy #Actualidad #QuedateEnLaCasa #coronavirus #COVID,1248510660750737408,https://twitter.com/VocesdlMisterio/status/1248510660750737408
2020-04-10 07:17:54,JMGBautista,,0,0,1,"Un gitano apodado ""Cachorro"" y el Cristo de la Expiración #SemanaSanta #SemanaSantaSevilla #SemanaSantaEnCasa #Sevilla #SevillaHoy #Actualidad #QuedateEnLaCasa #coronavirus #COVIDー19 @jmanuelcarrion @ajimenal2 @auxiguillen66 @kasparjauser @rossellmonica https://elitediario.com/un-gitano-apodado-el-cachorro-y-el-cristo-de-la-expiracion/",,@jmanuelcarrion @ajimenal2 @auxiguillen66 @kasparjauser @RossellMonica,#SemanaSanta #SemanaSantaSevilla #SemanaSantaEnCasa #Sevilla #SevillaHoy #Actualidad #QuedateEnLaCasa #coronavirus #COVID,1248510500146724864,https://twitter.com/JMGBautista/status/1248510500146724864
2020-04-10 06:15:01,diariosevilla,,0,0,2," La despensa del confinamiento: una Semana Santa con más carne que pescado en los hogares #Sevilla #Coronavirus ",,,#Sevilla #Coronavirus,1248494675486371840,https://twitter.com/diariosevilla/status/1248494675486371840
2020-04-09 22:37:36,fcojavi,,0,0,0,"Flores y música en Sevilla, en un Jueves Santo sin procesiones por el coronavirus https://www.rtve.es/v/5554706/ vía @rtve #TDSActualidad #sevillahoy #SemanaSanta #madruga2020",,@rtve,#TDSActualidad #sevillahoy #SemanaSanta #madruga2020,1248379562464964617,https://twitter.com/fcojavi/status/1248379562464964617
2020-04-09 19:35:14,PacoMelero4,,0,0,0,"SEMANA SANTA 2020 y Tu Casa y Coronavirus. JUEVES SANTA. Cena y Cama!!! VALOR LECHE ALMENDRAS ",,,,1248333667971317763,https://twitter.com/PacoMelero4/status/1248333667971317763
2020-04-09 18:59:34,PacoMelero4,,0,0,0,"SEMANA SANTA 2020 y Tu Casa y Coronavirus. JUEVES SANTA. Cena y FRANZISKANER Cerveza y Aceina y Ines Rosales y Quesi El Cigarral y Ciruela con hueso. TRECE de Rey de Reyes de 21:30. ",,,,1248324695314894848,https://twitter.com/PacoMelero4/status/1248324695314894848
2020-04-09 17:30:29,abcdesevilla,,1,1,1,"[Fotogalería ] El coronavirus nos ha dejado con una Semana Santa diferente. Sin procesiones y sin las tradicionales mujeres vestidas de #mantilla. Así lucieron de mantilla las caras conocidas años atrás. http://ow.ly/Uqku30qwwUE vía @BulevarSur #Juevessanto",,@BulevarSur,#mantilla #Juevessanto,1248302275493335042,https://twitter.com/abcdesevilla/status/1248302275493335042
2020-04-09 15:26:36,PacoMelero4,,0,0,0,"SEMANA SANTA 2020 y Tu Casa y Coronavirus y JUEVES SANTO. Merienda Nescafe Descafeinado y Leche Condensada. torrijasssss y Tita Licor de Guindas MIURA.Canal Sur y Quo Vadis y 17:35. Sofa y Pijama. ",,,,1248271101278420993,https://twitter.com/PacoMelero4/status/1248271101278420993
2020-04-09 14:39:46,CiscoMrquez,,0,0,0,"Pensaba que este tipo de #CarajotismoCofrade era solo en #Andalucía. Veo que mamarrachos se extienden cual #Coronavirus #QuedateEnCasa #Gilipolllas Nueve personas denunciadas por parodiar una procesión de Semana Santa en Mérida en pleno confinamiento ",,,#CarajotismoCofrade #Andaluc #Coronavirus #QuedateEnCasa #QuedateEnCasa #Gilipolllas,1248259314713796609,https://twitter.com/CiscoMrquez/status/1248259314713796609
2020-04-09 14:07:58,rafaelaviles,,0,0,0,"Qué buen trabajo de @JonNazca Fotos: Sin Semana Santa por el coronavirus | Sociedad | EL PAÍS ",,@JonNazca,,1248251310492745728,https://twitter.com/rafaelaviles/status/1248251310492745728
2020-04-09 12:26:01,HespeTacular,,0,0,0,"Fondos, aseguradoras, ladrillo y grandes fortunas: los amos de los mayores grupos de residencias de ancianos en España https://www.eldiario.es/_3c78cc28 vía @eldiarioes Sencillamente INDECENTE #COVIDー19 #JuevESPsanto #FelizJueves #9deAbril #SemanaSanta #coronavirus #residencias",,@eldiarioes,#COVID #JuevESPsanto #FelizJueves #9deAbril #SemanaSanta #coronavirus #residencias,1248225654342025216,https://twitter.com/HespeTacular/status/1248225654342025216
2020-04-09 12:14:31,Daevisd,,0,0,0,"Si no hay #SemanaSanta ,mis vecinos me la traen a casa #SSantaSevilla20 #SSantaSevABC #Coronavirus #Covid_19",,,#SemanaSanta #SSantaSevilla20 #SSantaSevABC #Coronavirus #Covid_19,1248222761908125704,https://twitter.com/Daevisd/status/1248222761908125704
2020-04-09 10:34:32,abcdesevilla,,1,0,5,"[Fotogalería ] El coronavirus nos ha dejado con una Semana Santa diferente. Sin procesiones y sin las tradicionales mujeres vestidas de #mantilla. Así lucieron de mantilla las caras conocidas años atrás. http://ow.ly/Uqku30qwwUE vía @BulevarSur",,@BulevarSur,#mantilla,1248197596486787073,https://twitter.com/abcdesevilla/status/1248197596486787073
2020-04-09 10:02:45,diariosevilla,,0,0,2,"Coronavirus en Sevilla: Controles en carreteras con motivo de la Semana Santa ",,,,1248189601442926592,https://twitter.com/diariosevilla/status/1248189601442926592
2020-04-09 08:32:31,PacoMelero4,,0,0,0,"SEMANA SANTA 2020 y Tu Casa y Coronavirus. JUEVES SANTA. Desayuno y Zumon y La Vieja Fabrica y Philadelphia. ",,,,1248166890968678401,https://twitter.com/PacoMelero4/status/1248166890968678401
2020-04-09 06:54:41,PacoMelero4,,0,0,0,"Buenas tardes SEMANA SANTA 2020 y Tu Casa y Coronavirus. JUEVES SANTA. ",,,,1248142269804314625,https://twitter.com/PacoMelero4/status/1248142269804314625
2020-04-09 04:48:27,PacoMelero4,,0,0,0,"Buenas dias SEMANA SANTA 2020 y Tu Casa y Coronavirus. JUEVES SANTO. FESTIVOS. Nescafe Descafeinado y Leche Condensada. 06:45. ",,,,1248110503249002496,https://twitter.com/PacoMelero4/status/1248110503249002496
2020-04-09 00:25:54,pitilemu,,1,0,1,"Hoy en http://ladydonutsbombon.blogspot.com Mi #confinamiento #COVIDー19 #QuedateEnCasa #MiercolesSanto #cuarentena #PlanEconomicoDeEmergencia #confinados #YoMeCorono #NuestraMejorVictoria #EsteVirusLoParamosUnidos #StayAtHome #cuarentena #coronavirus #SemanaSanta #ladydonutsbombon",,,#confinamiento #COVID #QuedateEnCasa #QuedateEnCasa #MiercolesSanto #cuarentena #PlanEconomicoDeEmergencia #confinados #YoMeCorono #NuestraMejorVictoria #EsteVirusLoParamosUnidos #StayAtHome #StayAtHome #cuarentena #coronavirus #SemanaSanta #ladydonutsbombon,1248044429560217601,https://twitter.com/pitilemu/status/1248044429560217601
2020-04-08 19:33:25,diariosevilla,,0,1,5,"Coronavirus en el mundo: Una Semana Santa en Tierra Santa sin peregrinos ",,,,1247970825451507714,https://twitter.com/diariosevilla/status/1247970825451507714
2020-04-08 15:08:31,Juanmivegar,,0,1,9,"El coronavirus nos ha dejado sin procesiones en las calles y gracias a eso podemos conocer lo que pasa en otras ciudades, algo que sería imposible con la normalidad de siempre. Andalucía en Semana Santa de @CanalSurRadio es uno de esos programas para guardar y enmarcar.",,@CanalSurRadio,,1247904162341257220,https://twitter.com/Juanmivegar/status/1247904162341257220
2020-04-08 14:02:01,ESTHERMENACHO,,3,2,36,"⁦.⁦⁦⁦@CanalSurRadio⁩ te ofrece la mejor programación de #SemanaSanta Seguimos #teletrabajando para ofrecer la mejor radio #EnDirecto para ti, por eso #QuédateEnCasa y sintonízanos #coronavirus #InformáteEnCanalSur ⁦@AndaConVigorra⁩ ⁦⁦#MiSemanaSantaCSur",,@CanalSurRadio @AndaConVigorra,#SemanaSanta #teletrabajando #EnDirecto #Qu #Qu #coronavirus #Inform #MiSemanaSantaCSur,1247887424539119622,https://twitter.com/ESTHERMENACHO/status/1247887424539119622
2020-04-08 09:16:38,alcentrosevilla,,0,0,1,"Planifica tus compras durante la Semana Santa a fin de reducir la movilidad y minimizar el riesgo de contagio. #alcentrosevilla #EstadodeAlarma #Coronavirus #Covid19 #planificatuscompras #SemanaSanta ",,,#alcentrosevilla #EstadodeAlarma #Coronavirus #Covid19 #planificatuscompras #SemanaSanta,1247815604498763776,https://twitter.com/alcentrosevilla/status/1247815604498763776
2020-04-08 06:47:49,aspo_sevilla,,0,2,9,"Una Semana Santa atípica por el coronavirus: en casa y sin procesiones ",,,,1247778154283859969,https://twitter.com/aspo_sevilla/status/1247778154283859969
2020-04-07 20:56:30,antoniocamel,,0,3,2,"“¿Sois retrasados o qué?” La bronca de Semana Santa de un alcalde italiano . ¿Cómo puede ir todo bien si salimos a hacer la compra y a por tabaco todos los días en lugar de una vez cada 10 días? #QuedateEnCasa #coronavirusEspana #coronavirus ",,,#QuedateEnCasa #QuedateEnCasa #coronavirusEspana #coronavirus,1247629346459856904,https://twitter.com/antoniocamel/status/1247629346459856904
2020-04-07 05:42:00,VocesdlMisterio,,0,0,0,"¿Hasta qué hora y cuando están abiertos los supermercados en Sevilla durante la Semana Santa? #Coronavid19 #coronavirus #COVIDー19 #COVID19 #QuedateEnCasa #Pandemia @eliteradiosvq @elitediario @elitediarioc #CargaViral #China #eliteradio #elitediario",,@eliteradiosvq @elitediario @ElitediarioC,#Coronavid19 #coronavirus #COVID #COVID19 #QuedateEnCasa #QuedateEnCasa #Pandemia #CargaViral #China #eliteradio #elitediario,1247399202755313664,https://twitter.com/VocesdlMisterio/status/1247399202755313664
2020-04-07 05:40:17,VocesdlMisterio,,0,0,0,"Multan a dos familias sevillanas cuando se trasladaban 'a pasar vacaciones de Semana Santa' a la playa #Coronavid19 #coronavirus #COVIDー19 #COVID19 #QuedateEnCasa #Pandemia @eliteradiosvq @elitediario @elitediarioc #China #eliteradio #elitediario",,@eliteradiosvq @elitediario @ElitediarioC,#Coronavid19 #coronavirus #COVID #COVID19 #QuedateEnCasa #QuedateEnCasa #Pandemia #China #eliteradio #elitediario,1247398770888802311,https://twitter.com/VocesdlMisterio/status/1247398770888802311
2020-04-07 05:31:26,JMGBautista,,0,0,1,"Multan a dos familias sevillanas cuando se trasladaban 'a pasar vacaciones de Semana Santa' a la playa #Coronavid19 #coronavirus #COVIDー19 #COVID19 #QuedateEnCasa #Pandemia @eliteradiosvq @elitediario @elitediarioc #China #eliteradio #elitediario https://elitediario.com/multan-a-dos-familias-sevillanas-cuando-se-trasladaban-a-pasar-unas-vacaciones-de-semana-santa-a-la-playa/",,@eliteradiosvq @elitediario @ElitediarioC,#Coronavid19 #coronavirus #COVID #COVID19 #QuedateEnCasa #QuedateEnCasa #Pandemia #China #eliteradio #elitediario,1247396544355217415,https://twitter.com/JMGBautista/status/1247396544355217415
2020-04-07 05:01:51,JMGBautista,,0,1,2,"¿Hasta qué hora y cuando están abiertos los supermercados en Sevilla durante la Semana Santa? #Coronavid19 #coronavirus #COVIDー19 #COVID19 #QuedateEnCasa #Pandemia @eliteradiosvq @elitediario @elitediarioc #CargaViral #China #eliteradio #elitediario https://elitediario.com/hasta-que-hora-y-cuando-estan-abiertos-los-supermercados-en-sevilla-durante-la-semana-santa/",,@eliteradiosvq @elitediario @ElitediarioC,#Coronavid19 #coronavirus #COVID #COVID19 #QuedateEnCasa #QuedateEnCasa #Pandemia #CargaViral #China #eliteradio #elitediario,1247389101218828288,https://twitter.com/JMGBautista/status/1247389101218828288
2020-04-06 13:36:55,iManuby,,0,0,0,"@laSextaTV falsificando las notas de Semana Santa . ¡Que crack! #coronavirus #covid19 #pandemia #gobiernodeespaña #subvenciones #peorimposible",,@laSextaTV,#coronavirus #covid19 #pandemia #gobiernodeespa #subvenciones #peorimposible,1247156331578109952,https://twitter.com/iManuby/status/1247156331578109952
2020-04-06 12:44:21,diariosevilla,,0,2,7,"Coronavirus: El SAS mantendrá el pago como festivos y compensará con días libres el trabajo en Semana Santa ",,,,1247143102323789825,https://twitter.com/diariosevilla/status/1247143102323789825
2020-04-06 10:09:25,informaria,,0,0,5,". @Coviran mantiene el suministro de mercancía a sus supermercados en las peores semanas del coronavirus y durante la semana santa e incrementa las medidas de seguridad destinadas a sus socios, empleados y clientes @Agenda_Empresa @M_Emprendedora",,@Coviran @Agenda_Empresa @M_Emprendedora,,1247104114288398336,https://twitter.com/informaria/status/1247104114288398336
2020-04-06 09:28:27,alcentrosevilla,,0,0,1,"¡No te quedes este año sin el olor a #SemanaSanta! En http://www.inciensosfiances.es te lo llevan a casa #Alcentrosevilla #EstadodeAlarma #Coronavirus #Covid19",,,#SemanaSanta #Alcentrosevilla #EstadodeAlarma #Coronavirus #Covid19,1247093804794105858,https://twitter.com/alcentrosevilla/status/1247093804794105858
2020-04-06 07:53:36,ginkgobilobax,,0,0,1,"A los que os gusta la semana santa no rayarse por el coronaviru pq os esta lloviendo como to los años jaja",,,,1247069934435340289,https://twitter.com/ginkgobilobax/status/1247069934435340289
2020-04-06 07:11:04,fonffxiv,,0,0,0,"Resulta que en Bielorrusia hay un brote de coronavirus brutal y la peña en Semana Santa yendo mala a besar la misma cruz, el gobierno sin poner medidas al respecto. Madre mía :/",,,,1247059229959217152,https://twitter.com/fonffxiv/status/1247059229959217152
2020-04-06 00:18:12,faverdugo,,0,0,0,"Coronavirus Andalucía | Medio centenar de denuncias por pasar la Semana Santa en las playas de Huelva https://sevilla.abc.es/andalucia/huelva/sevi-coronavirus-andalucia-medio-centenar-denuncias-pasar-semana-santa-playas-huelva-202004041417_noticia.html#vca=rrss-inducido&amp;vmc=abcdesevilla-es&amp;vso=tw&amp;vli=noticia-foto a través de @abcdesevilla",,@abcdesevilla,,1246955329675497472,https://twitter.com/faverdugo/status/1246955329675497472
2020-04-05 23:15:44,CarlosCapi91,,0,0,2,"Este domingo de Ramos no ha sido el más triste de mi vida, sino el de todos los sevillanos y todos los amantes de la Semana Santa, pero la solución es: que pase por fin el confinamiento, que el coronavirus sea extinguido para siempre y el año que viene podremos disfrutar el doble",,,,1246939608937566211,https://twitter.com/CarlosCapi91/status/1246939608937566211
2020-04-05 23:02:09,sevillaclick,,1,10,44,"#DIA24: Arte. Dicen que este año no hay cofradías... Hay quien cuenta los años por domingo de ramos vividos y el de este año 2020 quedará grabado en la memoria de muchos, especialmente de los más pequeños, como ninguno. Buena Semana Santa a todos... #coronavirus #COVID19",,,#DIA24 #coronavirus #COVID19,1246936188960849920,https://twitter.com/sevillaclick/status/1246936188960849920
2020-04-05 20:08:53,erchache2000,,0,0,1,"Coronavirus Andalucía | Medio centenar de denuncias por pasar la Semana Santa en las playas de Huelva https://sevilla.abc.es/andalucia/huelva/sevi-coronavirus-andalucia-medio-centenar-denuncias-pasar-semana-santa-playas-huelva-202004041417_noticia.html#vca=amp-rrss-inducido&amp;vmc=abcdesevilla-es&amp;vso=tw&amp;vli=noticia.foto a través de @abcdesevilla",,@abcdesevilla,,1246892586616459265,https://twitter.com/erchache2000/status/1246892586616459265
2020-04-05 09:23:50,sevillaclick,,1,6,14,"Las calles estarán vacías, pero nosotros estamos llenos de recuerdos. Estos días toca vivir la Semana Santa que todos tenemos en nuestra memoria... Pero ahora #QuédateEnCasa. Emocionante acción de @ConcesurMB para este #DomingoDeRamos #coronavirus #COVID19",,@ConcesurMB,#Qu #Qu #DomingoDeRamos #coronavirus #COVID19,1246730253935968256,https://twitter.com/sevillaclick/status/1246730253935968256
2020-04-04 08:21:42,SevillaFreeTour,,0,0,0,"Este año será diferente... #semanasantasevilla #semanasanta #semanasanta2020 #sevilla #covidsevilla #covid19 #coronavirus #coronavirusespaña #covid en Seville, Spain https://www.instagram.com/p/B-jVOzVIip5/?igshid=tbvkzm3ob1gw",,,#semanasantasevilla #semanasanta #semanasanta2020 #sevilla #covidsevilla #covid19 #coronavirus #coronavirusespa #covid,1246352231638671360,https://twitter.com/SevillaFreeTour/status/1246352231638671360
2020-04-03 17:33:16,alvaro111982,,0,0,0,"#SemanaSanta2020 #SemanaSantaEnCasa #ViernesdeDolores comenzamos con las difusiones de imágenes de semana santa y nos dejamos de #coronavirus y de #Politica únete y sube fotos de Semana Santa para que no pase desapercibida este año que no sale a la calle. #TDSCofrade",,,#SemanaSanta2020 #SemanaSantaEnCasa #ViernesdeDolores #coronavirus #Politica #TDSCofrade,1246128649004290051,https://twitter.com/alvaro111982/status/1246128649004290051
2020-04-03 13:32:04,sevillaclick,,1,28,59,"Una joven de 16 años realiza el cartel más viral de la Semana Santa 2020... #coronavirus #COVIDー19 #COVID19 #Sevilla #SemanaSanta2020 https://sevilla.abc.es/pasionensevilla/actualidad/noticias/una-joven-16-anos-realiza-cartel-mas-viral-la-semana-santa-2020.html via @abcdesevilla",,@abcdesevilla,#coronavirus #COVID #COVID19 #Sevilla #SemanaSanta2020,1246067949011488776,https://twitter.com/sevillaclick/status/1246067949011488776
2020-04-02 17:40:38,alebeneroso,lacajassanta,0,0,0,"En tiempos de #coronavirus ante la proximidad de la #semanasanta es un buen momento xra que la #esperanza y la #fe sigue reinando en los hogares con la 2 edición de la @lacajassanta #nuncadejesdecreer #sevillahoy #TDSActualidad #tdscofrade @ArtesacroT @TDSevilla",,@lacajassanta @ArtesacroT @TDSevilla,#coronavirus #semanasanta #esperanza #fe #nuncadejesdecreer #sevillahoy #TDSActualidad #tdscofrade,1245768115901906946,https://twitter.com/alebeneroso/status/1245768115901906946
2020-04-02 09:16:11,sergiomorante,,0,0,1,"Plaza San Francisco 11:15 de un jueves antes de Semana Santa en Sevilla #coronavirus #Andalucía #picoftheday en Sevilla City, Spain https://www.instagram.com/p/B-eR4VHj0HW/?igshid=x7rokvv6idr6",,,#coronavirus #Andaluc #picoftheday,1245641165359075333,https://twitter.com/sergiomorante/status/1245641165359075333
2020-03-31 06:31:13,juanmadiaz,,6,8,117,"Martes, 31 de marzo. Acabemos este mes tan raro q nos tocado vivir y démosle la bienvenida a un abril más raro todavía sin Semana Santa y sin Feria, pero en el que vamos a acabar con el #coronavirus. Es tarea de todos... #YoMeQuedoEnCasa #SomosImparables #yomecuro #SeguimosJuanma",,,#coronavirus #YoMeQuedoEnCasa #YoMeQuedoEnCasa #SomosImparables #yomecuro #SeguimosJuanma,1244874875216461825,https://twitter.com/juanmadiaz/status/1244874875216461825
2020-03-20 21:10:04,manmdn_,,0,0,1,"Ojo que mi cumpleaños este año puede caer en Feria o en Semana Santa. No, si al final voy a tener que querer al coronavirus",,,,1241109779776405504,https://twitter.com/manmdn_/status/1241109779776405504
2020-03-16 23:19:39,Ana_Leon_M,,1,1,1,"Semana santa, feria, OT, Eurovision... te queda algo más por cerrar pregunto #coronavirus",,,#coronavirus,1239692838411083776,https://twitter.com/Ana_Leon_M/status/1239692838411083776
2020-03-14 12:44:50,21_luky,,0,2,3,"Sevilla suspende la Semana Santa por la crisis del coronavirus: ",,,,1238808303796453377,https://twitter.com/21_luky/status/1238808303796453377
2020-03-14 11:46:39,JoaquinSerena,,0,0,0,"#ssantasevilla2020 Mira lo que he compartido: Coronavirus Sevilla: Suspendida la Semana Santa @MIUI|",,@MIUI,#ssantasevilla2020,1238793662877876224,https://twitter.com/JoaquinSerena/status/1238793662877876224
2020-03-14 11:41:06,niebladeltoro,,0,0,1,"La Semana Santa de Sevilla se suspende por el coronavirus https://sevilla.abc.es/sevilla/sevi-semana-santa-sevilla-suspende-coronavirus-202003141218_noticia.html#vca=rrss-inducido&amp;vmc=abcdesevilla-es&amp;vso=tw&amp;vli=noticia-foto vía @abcdesevilla",,@abcdesevilla,,1238792267806146560,https://twitter.com/niebladeltoro/status/1238792267806146560
